{"cameraMode":{"drawMode":0,"name":"Shaded","section":"Shading Mode"},"sceneLighting":true,"audioPlay":false,"sceneViewState":{"showFog":true,"showMaterialUpdate":true,"showSkybox":true,"showFlares":true,"showImageEffects":true,"showParticleSystems":true},"in2DMode":false,"pivot":{"x":52.56060791015625,"y":39.010459899902347,"z":187.53994750976563},"rotation":{"x":-0.1315135657787323,"y":0.4728023111820221,"z":-0.0716068223118782,"w":-0.8683519959449768},"size":97.0639877319336,"orthographic":false}